Workbook

Sheet Control y Resumen
A1: SERVICIO NACIONAL DE APRENDIZAJE (SENA) - SIGA / GESTIÓN DE SISTEMAS PLAN MAESTRO Y MATRIZ INTEGRAL DE PRUEBAS DE SOFTWARE
A4: Programa de Formación: | C4: Tecnología en Análisis y Desarrollo de Software (ADSO) - Cód. 228118 | F4: Fase / Guía de Aprendizaje: | H4: Fase Evaluación / Guía GA9 - Componente Formativo Pruebas
A5: Nombre del Proyecto de Software: | C5: PlomApp - Sistema de gestión de servicios de plomería | F5: Ficha de Caracterización: | H5: [Completar ficha SENA]
A6: Aprendices / Equipo de Pruebas: | C6: Andrés Durán, Sebastián Samacá, Dairon Salazar, Kevin Pinzón | F6: Instructor Técnico Evaluador: | H6: [Completar nombre del instructor]
A7: Versión del Documento / Fecha: | C7: v1.2 - 27/10/2026 | F7: Repositorio / Entorno: | H7: https://github.com/Ricy24/plomaap_django (rama dev_Andres)
A9: PANEL DE CONTROL DE CALIDAD - RESUMEN DE EJECUCIÓN GENERAL
A11: TOTAL CASOS PLANEADOS | C11: PRUEBAS EXITOSAS | E11: PRUEBAS FALLIDAS (DEFECTOS) | G11: BLOQUEADAS / PENDIENTES | I11: % COBERTURA DE ÉXITO
A12: =COUNTA('Pruebas Unitarias'!A8:A47) + COUNTA('Pruebas Integracion'!A8:A37) + COUNTA('Pruebas E2E'!A8:A37) | C12: =COUNTIF('Pruebas Unitarias'!I8:I47,"Exitoso") + COUNTIF('Pruebas Integracion'!I8:I37,"Exitoso") + COUNTIF('Pruebas E2E'!I8:I37,"Exitoso") | E12: =COUNTIF('Pruebas Unitarias'!I8:I47,"Falló") + COUNTIF('Pruebas Integracion'!I8:I37,"Falló") + COUNTIF('Pruebas E2E'!I8:I37,"Falló") | G12: =COUNTIF('Pruebas Unitarias'!I8:I47,"Bloqueado") + COUNTIF('Pruebas Unitarias'!I8:I47,"Pendiente") + COUNTIF('Pruebas Integracion'!I8:I37,"Bloqueado") + COUNTIF('Pruebas Integracion'!I8:I37,"Pendiente") + COUNTIF('Pruebas E2E'!I8:I37,"Bloqueado") + COUNTIF('Pruebas E2E'!I8:I37,"Pendiente") | I12: =IF(A12>0, C12/A12, 0)
A15: DESGLOSE POR NIVEL DE PRUEBA (PIRÁMIDE DE PRUEBAS DE SOFTWARE)
A16: Nivel de Prueba | C16: Enfoque / Caja | D16: Hoja Asociada | E16: Total Casos | F16: Exitosas | G16: Fallidas | H16: Pendientes | I16: % Éxito | J16: Herramientas Sugeridas
A17: Pruebas Unitarias | C17: Caja Blanca / Lógica interna | D17: Pruebas Unitarias | E17: =COUNTA('Pruebas Unitarias'!A8:A47) | F17: =COUNTIF('Pruebas Unitarias'!I8:I47,"Exitoso") | G17: =COUNTIF('Pruebas Unitarias'!I8:I47,"Falló") | H17: =COUNTIF('Pruebas Unitarias'!I8:I47,"Pendiente") + COUNTIF('Pruebas Unitarias'!I8:I47,"Bloqueado") | I17: =IF(E17>0, F17/E17, 0) | J17: PyTest, Jest, JUnit, PHPUnit, Vitest
A18: Pruebas de Integración | C18: Caja Gris / Servicios y BD | D18: Pruebas Integracion | E18: =COUNTA('Pruebas Integracion'!A8:A37) | F18: =COUNTIF('Pruebas Integracion'!I8:I37,"Exitoso") | G18: =COUNTIF('Pruebas Integracion'!I8:I37,"Falló") | H18: =COUNTIF('Pruebas Integracion'!I8:I37,"Pendiente") + COUNTIF('Pruebas Integracion'!I8:I37,"Bloqueado") | I18: =IF(E18>0, F18/E18, 0) | J18: Supertest, Postman/Newman, REST Assured, Testcontainers
A19: Pruebas End-to-End (E2E) | C19: Caja Negra / Flujo Usuario Final | D19: Pruebas E2E | E19: =COUNTA('Pruebas E2E'!A8:A37) | F19: =COUNTIF('Pruebas E2E'!I8:I37,"Exitoso") | G19: =COUNTIF('Pruebas E2E'!I8:I37,"Falló") | H19: =COUNTIF('Pruebas E2E'!I8:I37,"Pendiente") + COUNTIF('Pruebas E2E'!I8:I37,"Bloqueado") | I19: =IF(E19>0, F19/E19, 0) | J19: Cypress, Playwright, Selenium, Robot Framework
A20: TOTALES DEL PROYECTO | E20: =SUM(E17:E19) | F20: =SUM(F17:F19) | G20: =SUM(G17:G19) | H20: =SUM(H17:H19) | I20: =IF(E20>0, F20/E20, 0) | J20: Cumplimiento meta de calidad
A22: HISTORIAL DE CONTROL DE CAMBIOS DEL DOCUMENTO
A23: Versión | B23: Descripción / Motivo del Cambio | F23: Responsable / Rol | I23: Fecha (DD/MM/AAAA)
A24: 1.0 | B24: Creación del plan maestro y matriz de pruebas del proyecto PlomApp | F24: Andrés / Desarrollo | I24: 26/10/2026
A25: 1.1 | B25: Se consolida la suite de regresión del proyecto organizada por módulos (api/tests/unit/utils y api/tests/unit/services). | F25: Andrés / Desarrollo | I25: 27/10/2026
A26: 1.2 | B26: Se crea este archivo independiente con las 40 pruebas unitarias de la entrega por integrante (UNIT-001 a UNIT-040), 10 por aprendiz. | F26: Andrés Durán, Sebastián Samacá, Dairon Salazar, Kevin Pinzón | I26: 27/10/2026

Sheet Pruebas Unitarias
A1: SENA - SIGA | PROCEDIMIENTO GESTIÓN DE SISTEMAS DE INFORMACIÓN MATRIZ DE DISEÑO Y EJECUCIÓN: PRUEBAS UNITARIAS (CAJA BLANCA / CÓDIGO FUENTE)
A4: Nivel de Prueba: | C4: Nivel 1: Pruebas Unitarias (Unit Testing) | F4: Enfoque Teórico / Norma: | H4: ISO/IEC/IEEE 29119-4: Cobertura de sentencias, caminos lógicos, valores límite (BVA), manejo de excepciones y tipos de datos.
A5: Total Ejecutadas: | C5: =COUNTA(A8:A47) | D5: Exitosas (Aprobadas): | F5: =COUNTIF(I8:I47,"Exitoso") | G5: Fallidas (Defectos): | I5: =COUNTIF(I8:I47,"Falló") | J5: Tasa de Éxito: | K5: =IF(C5>0, F5/C5, 0)
A6: ENTREGA DE 40 PRUEBAS UNITARIAS: 10 por integrante en api/tests/unit/equipo/ (UNIT-001 a UNIT-040). Ejecución real: 40 passed. Cada fila indica el integrante responsable. Cobertura de referencia de la suite completa: 100% sobre api/utils y api/services.
A7: ID Caso | B7: Componente / Escenario Probado | C7: Precondiciones / Configuración | D7: Datos de Entrada (Arrange) | E7: Pasos de Ejecución (Act) | F7: Resultado Esperado (Assert / Oráculo) | G7: Resultado Obtenido en Ejecución | H7: Tipo / Técnica | I7: Estado | J7: Severidad / Prioridad | K7: Evidencia (URL / Test Pass / Log) | L7: Observaciones / Defecto Asociado | M7: Responsable / Integrante
A8: UNIT-001 | B8: Utilidades / Validación de email: correo con usuario, arroba y dominio | C8: Sin base de datos ni servidor; solo se importa la función desde api/utils/validators.py. | D8: email = "carlos@plomaap.com" | E8: 1. Ejecutar: pytest api\tests\unit\equipo\test_integrante_1_validaciones.py::test_email_valido 2. validate_email("carlos@plomaap.com") | F8: Devuelve True (correo aceptado). | G8: Aprobado: passed en la suite api/tests/unit/equipo (27/10/2026). | H8: Caja Blanca (unitaria) / Particiones de equivalencia | I8: Exitoso | J8: Media | K8: api\tests\unit\equipo\test_integrante_1_validaciones.py::test_email_valido -> 1 passed | L8: Sin defectos. Entrega del integrante: Andrés Durán. | M8: Andrés Durán
A9: UNIT-002 | B9: Utilidades / Validación de email: correo sin arroba | C9: Sin base de datos ni servidor; solo se importa la función desde api/utils/validators.py. | D9: email = "carlos.plomaap.com" | E9: 1. Ejecutar: pytest api\tests\unit\equipo\test_integrante_1_validaciones.py::test_email_sin_arroba_es_invalido 2. validate_email("carlos.plomaap.com") | F9: Devuelve False (correo rechazado). | G9: Aprobado: passed en la suite api/tests/unit/equipo (27/10/2026). | H9: Caja Blanca (unitaria) / Particiones de equivalencia | I9: Exitoso | J9: Media | K9: api\tests\unit\equipo\test_integrante_1_validaciones.py::test_email_sin_arroba_es_invalido -> 1 passed | L9: Sin defectos. Entrega del integrante: Andrés Durán. | M9: Andrés Durán
A10: UNIT-003 | B10: Utilidades / Validación de contraseña: longitud mínima | C10: Sin base de datos ni servidor; solo se importa la función desde api/utils/validators.py. | D10: password = "PlomApp1" (8 caracteres) | E10: 1. Ejecutar: pytest api\tests\unit\equipo\test_integrante_1_validaciones.py::test_password_de_ocho_caracteres_es_valida 2. validate_password("PlomApp1") | F10: Devuelve True (cumple el mínimo de 8). | G10: Aprobado: passed en la suite api/tests/unit/equipo (27/10/2026). | H10: Caja Blanca (unitaria) / Valores límite (BVA) | I10: Exitoso | J10: Alta | K10: api\tests\unit\equipo\test_integrante_1_validaciones.py::test_password_de_ocho_caracteres_es_valida -> 1 passed | L10: Sin defectos. Entrega del integrante: Andrés Durán. | M10: Andrés Durán
A11: UNIT-004 | B11: Utilidades / Validación de contraseña: contraseña demasiado corta | C11: Sin base de datos ni servidor; solo se importa la función desde api/utils/validators.py. | D11: password = "1234" (4 caracteres) | E11: 1. Ejecutar: pytest api\tests\unit\equipo\test_integrante_1_validaciones.py::test_password_corta_es_invalida 2. validate_password("1234") | F11: Devuelve False (no cumple el mínimo). | G11: Aprobado: passed en la suite api/tests/unit/equipo (27/10/2026). | H11: Caja Blanca (unitaria) / Valores límite (BVA) | I11: Exitoso | J11: Alta | K11: api\tests\unit\equipo\test_integrante_1_validaciones.py::test_password_corta_es_invalida -> 1 passed | L11: Sin defectos. Entrega del integrante: Andrés Durán. | M11: Andrés Durán
A12: UNIT-005 | B12: Utilidades / Validación de teléfono: celular con prefijo +57 | C12: Sin base de datos ni servidor; solo se importa la función desde api/utils/validators.py. | D12: phone = "+573001234567" | E12: 1. Ejecutar: pytest api\tests\unit\equipo\test_integrante_1_validaciones.py::test_telefono_valido 2. validate_phone("+573001234567") | F12: Devuelve True (teléfono aceptado). | G12: Aprobado: passed en la suite api/tests/unit/equipo (27/10/2026). | H12: Caja Blanca (unitaria) / Particiones de equivalencia | I12: Exitoso | J12: Media | K12: api\tests\unit\equipo\test_integrante_1_validaciones.py::test_telefono_valido -> 1 passed | L12: Sin defectos. Entrega del integrante: Andrés Durán. | M12: Andrés Durán
A13: UNIT-006 | B13: Utilidades / Validación de teléfono: caracteres no numéricos | C13: Sin base de datos ni servidor; solo se importa la función desde api/utils/validators.py. | D13: phone = "abc1234567" | E13: 1. Ejecutar: pytest api\tests\unit\equipo\test_integrante_1_validaciones.py::test_telefono_con_letras_es_invalido 2. validate_phone("abc1234567") | F13: Devuelve False (solo admite dígitos y prefijo). | G13: Aprobado: passed en la suite api/tests/unit/equipo (27/10/2026). | H13: Caja Blanca (unitaria) / Particiones de equivalencia | I13: Exitoso | J13: Media | K13: api\tests\unit\equipo\test_integrante_1_validaciones.py::test_telefono_con_letras_es_invalido -> 1 passed | L13: Sin defectos. Entrega del integrante: Andrés Durán. | M13: Andrés Durán
A14: UNIT-007 | B14: Utilidades / Validación de nombre: longitud mínima de 2 | C14: Sin base de datos ni servidor; solo se importa la función desde api/utils/validators.py. | D14: name = "A" | E14: 1. Ejecutar: pytest api\tests\unit\equipo\test_integrante_1_validaciones.py::test_nombre_de_un_caracter_es_invalido 2. validate_name("A") | F14: Devuelve False (un carácter no es válido). | G14: Aprobado: passed en la suite api/tests/unit/equipo (27/10/2026). | H14: Caja Blanca (unitaria) / Valores límite (BVA) | I14: Exitoso | J14: Baja | K14: api\tests\unit\equipo\test_integrante_1_validaciones.py::test_nombre_de_un_caracter_es_invalido -> 1 passed | L14: Sin defectos. Entrega del integrante: Andrés Durán. | M14: Andrés Durán
A15: UNIT-008 | B15: Utilidades / Validación de fecha y hora: formatos YYYY-MM-DD y HH:MM | C15: Sin base de datos ni servidor; solo se importa la función desde api/utils/validators.py. | D15: date_str = "2026-11-02"; time_str = "09:30" | E15: 1. Ejecutar: pytest api\tests\unit\equipo\test_integrante_1_validaciones.py::test_fecha_y_hora_validas 2. validate_date_time("2026-11-02", "09:30") | F15: Devuelve True (fecha y hora válidas). | G15: Aprobado: passed en la suite api/tests/unit/equipo (27/10/2026). | H15: Caja Blanca (unitaria) / Particiones de equivalencia | I15: Exitoso | J15: Media | K15: api\tests\unit\equipo\test_integrante_1_validaciones.py::test_fecha_y_hora_validas -> 1 passed | L15: Sin defectos. Entrega del integrante: Andrés Durán. | M15: Andrés Durán
A16: UNIT-009 | B16: Utilidades / Validación de fecha: formato DD/MM/YYYY no soportado | C16: Sin base de datos ni servidor; solo se importa la función desde api/utils/validators.py. | D16: date_str = "02/11/2026"; time_str = "09:30" | E16: 1. Ejecutar: pytest api\tests\unit\equipo\test_integrante_1_validaciones.py::test_fecha_con_formato_incorrecto_es_invalida 2. validate_date_time("02/11/2026", "09:30") | F16: Devuelve False (formato incorrecto). | G16: Aprobado: passed en la suite api/tests/unit/equipo (27/10/2026). | H16: Caja Blanca (unitaria) / Particiones de equivalencia | I16: Exitoso | J16: Media | K16: api\tests\unit\equipo\test_integrante_1_validaciones.py::test_fecha_con_formato_incorrecto_es_invalida -> 1 passed | L16: Sin defectos. Entrega del integrante: Andrés Durán. | M16: Andrés Durán
A17: UNIT-010 | B17: Utilidades / Validación de rol: catálogo de roles permitidos | C17: Sin base de datos ni servidor; solo se importa la función desde api/utils/validators.py. | D17: role = "technician" | E17: 1. Ejecutar: pytest api\tests\unit\equipo\test_integrante_1_validaciones.py::test_rol_valido 2. validate_role("technician") | F17: Devuelve True (rol permitido). | G17: Aprobado: passed en la suite api/tests/unit/equipo (27/10/2026). | H17: Caja Blanca (unitaria) / Particiones de equivalencia | I17: Exitoso | J17: Baja | K17: api\tests\unit\equipo\test_integrante_1_validaciones.py::test_rol_valido -> 1 passed | L17: Sin defectos. Entrega del integrante: Andrés Durán. | M17: Andrés Durán
A18: UNIT-011 | B18: Seguridad / JWT: generación de token | C18: Sin servidor; RequestFactory simula la petición HTTP. Los casos con decoradores usan SQLite en memoria (fixture db). | D18: user_id = 1 | E18: 1. Ejecutar: pytest api\tests\unit\equipo\test_integrante_2_seguridad.py::test_generar_token_devuelve_texto 2. generate_token(1) | F18: Devuelve un str con exactamente 2 puntos (3 partes). | G18: Aprobado: passed en la suite api/tests/unit/equipo (27/10/2026). | H18: Caja Blanca (unitaria) / Camino feliz | I18: Exitoso | J18: Media | K18: api\tests\unit\equipo\test_integrante_2_seguridad.py::test_generar_token_devuelve_texto -> 1 passed | L18: Sin defectos. Entrega del integrante: Sebastián Samacá. | M18: Sebastián Samacá
... A47: UNIT-040 | B47: Recomendaciones / Límite de resultados devueltos | C47: SQLite en memoria (pytest-django) y factories del proyecto. Sin servicios externos. | D47: ServiceFactory.create_batch(3); limit = 2 | E47: 1. Ejecutar: pytest api\tests\unit\equipo\test_integrante_4_datos.py::test_generate_recommendations_respeta_el_limite 2. generate_recommendations(user_id=None, limit=2) | F47: len(resultado) == 2. | G47: Aprobado: passed en la suite api/tests/unit/equipo (27/10/2026). | H47: Valores límite (BVA) / Límite | I47: Exitoso | J47: Media | K47: api\tests\unit\equipo\test_integrante_4_datos.py::test_generate_recommendations_respeta_el_limite -> 1 passed | L47: Sin defectos. Entrega del integrante: Kevin Pinzón. | M47: Kevin Pinzón

Sheet Pruebas Integracion
A1: SENA - SIGA | PROCEDIMIENTO GESTIÓN DE SISTEMAS DE INFORMACIÓN MATRIZ DE DISEÑO Y EJECUCIÓN: PRUEBAS DE INTEGRACIÓN (CAJA GRIS / SERVICIOS Y APIS)
A4: Nivel de Prueba: | C4: Nivel 2: Pruebas de Integración (Integration Testing) | F4: Enfoque Teórico / Norma: | H4: Verificación de interfaces entre módulos, interacción API-Base de Datos, middleware, colas de mensajería y persistencia.
A5: Total Ejecutadas: | C5: =COUNTA(A8:A42) | D5: Exitosas (Aprobadas): | F5: =COUNTIF(I8:I42,"Exitoso") | G5: Fallidas (Defectos): | I5: =COUNTIF(I8:I42,"Falló") | J5: Tasa de Éxito: | K5: =IF(C5>0, F5/C5, 0)
A7: ID Caso | B7: Componente / Escenario Probado | C7: Precondiciones / Configuración | D7: Datos de Entrada (Arrange) | E7: Pasos de Ejecución (Act) | F7: Resultado Esperado (Assert / Oráculo) | G7: Resultado Obtenido en Ejecución | H7: Tipo / Técnica | I7: Estado | J7: Severidad / Prioridad | K7: Evidencia (URL / Test Pass / Log) | L7: Observaciones / Defecto Asociado
A8: INT-01 | B8: API de autenticación: POST /api/auth/register, POST /api/auth/login y GET /api/auth/profile | C8: BD de pruebas migrada; SECRET_KEY/JWT_SECRET_KEY de test; bcrypt rounds=12; cliente HTTP de Django. | D8: register: {"name":"Andrés Test","email":"andres.test@plomaap.com","password":"PlomApp2026*"} login: mismo email/password profile: header Authorization: Bearer <token> | E8: 1. POST register y validar 201 + token. 2. POST login y validar 200 + user + token. 3. GET profile con Bearer y validar 200. 4. Repetir login con password incorrecta y validar 401. 5. Verificar que el password no se devuelva en claro. | F8: 201/200/200/401; token con sub string; usuario persistido; password bcrypt verificable; sin password en la respuesta. | G8: Aprobado: 2/2 pruebas en PostgreSQL de pruebas (registro 201, login 200, perfil 200 y contraseña incorrecta 401). | H8: Caja Gris (API + BD + JWT/bcrypt) | I8: Exitoso | J8: Alta | K8: pytest -m integration --create-db (TEST_USE_CONFIGURED_DB=1): 8 passed; api/tests/integration/test_int_01_auth_api.py | L8: Ejecutado el 26/10/2026 contra test_plomapp en PostgreSQL 5434; la BD real no se modificó.
A9: INT-02 | B9: Citas: GET /api/appointments/availability y POST /api/appointments con prevención de doble reserva | C9: Postgres de pruebas; cliente autenticado; servicio y técnico activos con schedule del lunes; sin citas en el slot. | D9: GET /api/appointments/availability?service_id=1&date=2026-11-02&technician_id=1 POST /api/appointments {"service_id":1,"date":"2026-11-02","time":"09:00","technician_id":1,"address":"Calle 1 #2-3"} | E9: 1. Consultar disponibilidad y confirmar 09:00. 2. Crear la cita y validar 201. 3. Repetir la misma reserva y validar 409 SLOT_UNAVAILABLE. 4. Consultar la BD y verificar una sola fila. | F9: Disponibilidad 200 con 09:00; creación 201; duplicado 409; una sola cita en BD; sin doble reserva. | G9: Aprobado: disponibilidad 200 con slot 09:00, creación 201, duplicado 409 y una sola cita persistida. | H9: Caja Gris (API + BD + transacción/row lock) | I9: Exitoso | J9: Alta | K9: pytest -m integration --create-db (TEST_USE_CONFIGURED_DB=1): 8 passed; api/tests/integration/test_int_02_appointments_api.py | L9: Ejecutado en PostgreSQL de pruebas; valida select_for_update y la regla de no doble reserva.
A10: INT-03 | B10: pgvector: sincronización y búsqueda semántica (POST /api/embeddings/sync y /api/embeddings/search) | C10: Postgres con extensión vector 0.8.6 e índice HNSW; proveedor de embeddings mockeado con vector determinista de 512 dimensiones. | D10: POST /api/embeddings/sync POST /api/embeddings/search {"query":"fuga de agua","entity_type":"service","top_k":3} | E10: 1. Sincronizar embeddings y validar 200. 2. Verificar en BD el tipo vector(512) y el índice HNSW. 3. Buscar "fuga de agua" y validar resultados. 4. Calcular similitud de un vector consigo mismo. | F10: Sync 200; columna vector(512); índice HNSW presente; búsqueda devuelve servicios ordenados; similitud propia = 1.0; sin fallback silencioso a Python. | G10: Aprobado: sincronización de 1 servicio, columna vector(512), índice HNSW y búsqueda con similitud 1.0. | H10: Caja Gris (BD vectorial / integración) | I10: Exitoso | J10: Alta | K10: pytest -m integration --create-db (TEST_USE_CONFIGURED_DB=1): 8 passed; api/tests/integration/test_int_03_pgvector.py | L10: Proveedor de embeddings mockeado; no se llamó a Voyage/Gemini. Extensión e índice creados en la BD de pruebas.
A11: INT-04 | B11: Evidencias: POST /api/upload/evidence y persistencia JSONB de evidence_photos | C11: Postgres de pruebas; autenticación de cliente; cita existente; directorio temporal para uploads; límite 10 MB. | D11: PNG válido con firma \x89PNG\r\n\x1a\n PNG falso con contenido HTML Archivo de 11 MB PATCH /api/appointments/1 con {"evidence_photos":["/static/uploads/evidence/<uuid>.png"]} | E11: 1. Subir PNG válido y validar 201 + URL. 2. Subir contenido falso y validar 400. 3. Subir archivo >10 MB y validar 400. 4. Guardar la URL en evidence_photos y leer la cita; verificar que sea lista JSONB. | F11: 201 para imagen real; 400 para contenido falso y tamaño excedido; evidence_photos se lee como lista (jsonb), sin error 500. | G11: Aprobado: 4/4 pruebas (PNG 201, contenido falso 400, archivo >10 MB 400 y evidence_photos JSONB/lista). | H11: Caja Gris (API + filesystem + JSONB) | I11: Exitoso | J11: Media | K11: pytest -m integration --create-db (TEST_USE_CONFIGURED_DB=1): 8 passed; api/tests/integration/test_int_04_uploads_jsonb.py | L11: Uploads en tmp_path; JSONB verificado con information_schema en PostgreSQL de pruebas.

Sheet Pruebas E2E
A1: SENA - SIGA | PROCEDIMIENTO GESTIÓN DE SISTEMAS DE INFORMACIÓN MATRIZ DE DISEÑO Y EJECUCIÓN: PRUEBAS END-TO-END E2E (CAJA NEGRA / FORMATO SIGA-SENA)
A4: Nivel de Prueba: | C4: Nivel 3: Pruebas de Sistema y E2E (End-to-End Testing) | F4: Enfoque Teórico / Norma: | H4: Basado en el Formato Plantilla SIGA de Prueba Funcional y/o Técnica SENA: Simulación de la experiencia del usuario final en entorno real.
A5: Total Ejecutadas: | C5: =COUNTA(A8:A42) | D5: Exitosas (Aprobadas): | F5: =COUNTIF(I8:I42,"Exitoso") | G5: Fallidas (Defectos): | I5: =COUNTIF(I8:I42,"Falló") | J5: Tasa de Éxito: | K5: =IF(C5>0, F5/C5, 0)
A7: ID Caso | B7: Componente / Escenario Probado | C7: Precondiciones / Configuración | D7: Datos de Entrada (Arrange) | E7: Pasos de Ejecución (Act) | F7: Resultado Esperado (Assert / Oráculo) | G7: Resultado Obtenido en Ejecución | H7: Tipo / Técnica | I7: Estado | J7: Severidad / Prioridad | K7: Evidencia (URL / Test Pass / Log) | L7: Observaciones / Defecto Asociado
A8: E2E-01 | B8: Cliente: login, agendar cita y verla en "Mis citas" | C8: Backend en localhost:5001 y frontend en localhost:5173; BD plomapp_e2e sembrada; cliente, servicio y técnico activos; fecha futura hábil. | D8: Cliente: cliente.e2e@plomaap.com / PlomApp2026* Servicio: Fugas de agua Fecha: 2026-11-02 Hora: 09:00 Dirección: Calle 1 #2-3 | E8: 1. Abrir /ingresar/cliente e iniciar sesión. 2. En /cliente, clic en "Agendar". 3. Seleccionar servicio, fecha 2026-11-02, hora 09:00 y dirección. 4. Confirmar la cita. 5. Ir a "Mis citas" y verificar la tarjeta. | F8: Redirección al dashboard; mensaje de confirmación con técnico; cita visible con fecha, hora y estado; registro en BD. | G8: No ejecutado: spec Playwright de login/dashboard creado; flujo completo de agendamiento pendiente de BD e2e, servidores y credenciales. | H8: Caja Negra (E2E / flujo de usuario) | I8: Pendiente | J8: Alta | K8: e2e/tests/e2e_01_client.spec.js (Playwright); npm run test:e2e | L8: No se marca exitoso ni se inventan evidencias. El flujo completo requiere sembrar cliente, servicio y cita en una BD e2e.
A9: E2E-02 | B9: Técnico: login, agenda del día y cambio de estado de una cita | C9: Cita asignada al técnico en estado scheduled; técnico activo; backend/frontend levantados; BD e2e. | D9: Técnico: tecnico.e2e@plomaap.com / PlomApp2026* Cita: 2026-11-02 09:00 Nuevo estado: in_progress y luego completed | E9: 1. Abrir /ingresar/tecnico e iniciar sesión. 2. En /tecnico, abrir la agenda y localizar la cita. 3. Cambiar estado a "En progreso" y guardar. 4. Cambiar a "Completado" y guardar. 5. Recargar y verificar persistencia. | F9: Cita visible; estados válidos aplicados; transición scheduled->in_progress->completed; UI y BD consistentes tras recargar. | G9: No ejecutado: spec Playwright de login/agenda creado; cambio de estado pendiente de BD e2e, servidores y credenciales. | H9: Caja Negra (E2E / flujo de usuario) | I9: Pendiente | J9: Alta | K9: e2e/tests/e2e_02_technician.spec.js (Playwright); npm run test:e2e | L9: No se marca exitoso ni se inventan evidencias. Requiere cita asignada y transiciones sembradas.
A10: E2E-03 | B10: Administrador: login, dashboard y gestión de una cita | C10: Usuario admin activo; citas y usuarios de prueba; backend/frontend levantados; BD e2e. | D10: Admin: admin.e2e@plomaap.com / PlomApp2026* Cita: 2026-11-02 09:00 Nuevo estado: scheduled o cancelled | E10: 1. Abrir /admin e iniciar sesión. 2. En /admin/panel, verificar métricas del dashboard. 3. Abrir la cita y cambiar su estado. 4. Guardar y recargar. 5. Verificar que las métricas se actualicen. | F10: Login admin correcto; dashboard con métricas; cambio de estado persistido; métricas coherentes; sin errores 500. | G10: No ejecutado: spec Playwright de login/panel creado; gestión de cita pendiente de BD e2e, servidores y credenciales. | H10: Caja Negra (E2E / flujo administrativo) | I10: Pendiente | J10: Alta | K10: e2e/tests/e2e_03_admin.spec.js (Playwright); npm run test:e2e | L10: No se marca exitoso ni se inventan evidencias. Usar un admin de pruebas, nunca la BD real.

Sheet Guía del Aprendiz
A1: GUÍA DIDÁCTICA: CÓMO DILIGENCIAR ESTA PLANTILLA DE PRUEBAS Programa ADSO - Servicio Nacional de Aprendizaje (SENA)
A4: 1. LA PIRÁMIDE DE PRUEBAS DE SOFTWARE (NIVELES)
A5: Nivel 1: Pruebas Unitarias (Base de la pirámide) | C5: Son rápidas, automáticas y prueban funciones o clases aisladas (ej. sumarNotas o promedio). Se diseñan con Caja Blanca evaluando valores límite (0.0 y 5.0), particiones equivalentes y excepciones (división por cero). Herramientas: PyTest, Jest, PHPUnit.
A6: Nivel 2: Pruebas de Integración (Capa media) | C6: Verifican que dos o más módulos hablen bien entre sí: API con Base de Datos, servicios de correo o autenticación JWT. Se evalúan códigos de estado HTTP (200, 201, 401, 500) y respuestas JSON. Herramientas: Postman, Supertest, Newman.
A7: Nivel 3: Pruebas End-to-End / E2E (Cúspide) | C7: Simulan el comportamiento del usuario real en el navegador o app móvil, desde el login hasta la generación de reportes. Corresponden al formato SIGA de prueba funcional y técnica. Herramientas: Cypress, Playwright, Selenium.
A9: 2. EL PATRÓN AAA (ARRANGE - ACT - ASSERT)
A10: Arrange (Preparar) | C10: Configurar el escenario, variables, usuarios o base de datos requeridos antes de ejecutar la acción (Columna D: 'Datos de Entrada').
A11: Act (Actuar) | C11: Ejecutar la función, endpoint o acción del usuario en pantalla (Columna E: 'Pasos de Ejecución').
A12: Assert (Verificar / Afirmar) | C12: Comparar el resultado obtenido contra el oráculo o valor esperado exacto (Columna F: 'Resultado Esperado'). Nunca usar desigualdades vagas cuando se conoce el resultado determinista.
A14: 3. ESTÁNDARES PARA EVIDENCIAS (CRITERIO SIGA SENA)
A15: Pruebas Unitarias e Integración | C15: Adjuntar captura de terminal donde se vea el reporte del ejecutor (ej. '15 passed in 0.42s') o archivo exportado de reporte (HTML/JSON) con fecha y rama Git.
A16: Pruebas E2E / Funcionales | C16: Según la plantilla SIGA institucional, las evidencias de pantalla deben mostrar la URL del navegador completa, fecha y hora visibles del sistema, sin recortes alterados.
